,Seq-1
Idx-1,1
Idx-2,2
Idx-3,3
Idx-4,4
Idx-5,5
Idx-6,1
Idx-7,4
Idx-8,5
Idx-9,2
Idx-10,3
Idx-11,1
Idx-12,4
Idx-13,5
Idx-14,2
Idx-15,3
Idx-16,1
Idx-17,4
Idx-18,5
Idx-19,2
Idx-20,3
Idx-21,1
Idx-22,4
Idx-23,5
Idx-24,2
Idx-25,3
Idx-26,1
Idx-27,4
Idx-28,5
Idx-29,2
Idx-30,3
Idx-31,1
Idx-32,4
Idx-33,5
Idx-34,2
Idx-35,3
Idx-36,1
Idx-37,4
Idx-38,5
Idx-39,2
Idx-40,3
Idx-41,1
Idx-42,4
Idx-43,5
Idx-44,2
Idx-45,3
Idx-46,1
Idx-47,4
Idx-48,5
Idx-49,2
Idx-50,3
Idx-51,1
Idx-52,4
Idx-53,5
Idx-54,2
Idx-55,3
Idx-56,1
Idx-57,4
Idx-58,5
Idx-59,2
Idx-60,3
Idx-61,1
Idx-62,4
Idx-63,5
Idx-64,2
Idx-65,3
Idx-66,1
Idx-67,4
Idx-68,5
Idx-69,2
Idx-70,3
Idx-71,1
Idx-72,4
Idx-73,5
Idx-74,2
Idx-75,3
Idx-76,1
Idx-77,4
Idx-78,5
Idx-79,2
Idx-80,3
Idx-81,1
Idx-82,4
Idx-83,5
Idx-84,2
Idx-85,3
Idx-86,1
Idx-87,4
Idx-88,5
Idx-89,2
Idx-90,3
Idx-91,1
Idx-92,4
Idx-93,5
Idx-94,2
Idx-95,3
Idx-96,1
Idx-97,4
Idx-98,5
Idx-99,2
Idx-100,3
Idx-101,1
Idx-102,4
Idx-103,5
Idx-104,2
Idx-105,3
Idx-106,1
Idx-107,4
Idx-108,5
Idx-109,2
Idx-110,3
Idx-111,1
Idx-112,4
Idx-113,5
Idx-114,2
Idx-115,3
Idx-116,1
Idx-117,4
Idx-118,5
Idx-119,2
Idx-120,3
Idx-121,1
Idx-122,4
Idx-123,5
Idx-124,2
Idx-125,3
Idx-126,1
Idx-127,4
Idx-128,5
Idx-129,2
Idx-130,3
Idx-131,1
Idx-132,4
Idx-133,5
Idx-134,2
Idx-135,3
Idx-136,1
Idx-137,4
Idx-138,5
Idx-139,2
Idx-140,3
Idx-141,1
Idx-142,4
Idx-143,5
Idx-144,2
Idx-145,3
Idx-146,1
Idx-147,4
Idx-148,5
Idx-149,2
Idx-150,3
Idx-151,1
Idx-152,4
Idx-153,5
Idx-154,2
Idx-155,3
Idx-156,1
Idx-157,4
Idx-158,5
Idx-159,2
Idx-160,3
Idx-161,1
Idx-162,4
Idx-163,5
Idx-164,2
Idx-165,3
Idx-166,1
Idx-167,4
Idx-168,5
Idx-169,2
Idx-170,3
Idx-171,1
Idx-172,4
Idx-173,5
Idx-174,2
Idx-175,3
Idx-176,1
Idx-177,4
Idx-178,5
Idx-179,2
Idx-180,3
Idx-181,1
Idx-182,4
Idx-183,5
Idx-184,2
Idx-185,3
Idx-186,1
Idx-187,4
Idx-188,5
Idx-189,2
Idx-190,3
Idx-191,1
Idx-192,4
Idx-193,5
Idx-194,2
Idx-195,3
Idx-196,1
Idx-197,4
Idx-198,5
Idx-199,2
Idx-200,3
Idx-201,1
Idx-202,4
Idx-203,5
Idx-204,2
Idx-205,3
Idx-206,1
Idx-207,4
Idx-208,5
Idx-209,2
Idx-210,3
Idx-211,1
Idx-212,4
Idx-213,5
Idx-214,2
Idx-215,3
Idx-216,1
Idx-217,4
Idx-218,5
Idx-219,2
Idx-220,3
Idx-221,1
Idx-222,4
Idx-223,5
Idx-224,2
Idx-225,3
Idx-226,1
Idx-227,4
Idx-228,5
Idx-229,2
Idx-230,3
Idx-231,1
Idx-232,4
Idx-233,5
Idx-234,2
Idx-235,3
Idx-236,1
Idx-237,4
Idx-238,5
Idx-239,2
Idx-240,3
Idx-241,1
Idx-242,4
Idx-243,5
Idx-244,2
Idx-245,3
Idx-246,1
Idx-247,4
Idx-248,5
Idx-249,2
Idx-250,3
Idx-251,1
Idx-252,4
Idx-253,5
Idx-254,2
Idx-255,3
Idx-256,1
Idx-257,4
Idx-258,5
Idx-259,2
Idx-260,3
Idx-261,1
Idx-262,4
Idx-263,5
Idx-264,2
Idx-265,3
Idx-266,1
Idx-267,4
Idx-268,5
Idx-269,2
Idx-270,3
Idx-271,1
Idx-272,4
Idx-273,5
Idx-274,2
Idx-275,3
Idx-276,1
Idx-277,4
Idx-278,5
Idx-279,2
Idx-280,3
Idx-281,1
Idx-282,4
Idx-283,5
Idx-284,2
Idx-285,3
Idx-286,1
Idx-287,4
Idx-288,5
Idx-289,2
Idx-290,3
Idx-291,1
Idx-292,4
Idx-293,5
Idx-294,2
Idx-295,3
Idx-296,1
Idx-297,4
Idx-298,5
Idx-299,2
Idx-300,3
